,City,Cloudiness,Country,Date,Humidity,Lat,Lng,Max Temperature,Wind Speed
0,Munkebo,100,DK,1603581118,87,55.46,10.56,54.12,18.39
1,Provideniya,82,RU,1603581119,85,64.38,-173.3,34.92,13.94
2,King City,11,US,1603581120,69,36.21,-121.13,70.0,3.4
3,Hilo,90,US,1603581121,70,19.73,-155.09,84.2,10.29
4,Punta Arenas,90,CL,1603581123,93,-53.15,-70.92,42.8,16.11
5,Mataura,96,NZ,1603581124,44,-46.19,168.86,75.99,13.0
6,Nikolskoye,75,RU,1603581125,86,59.7,30.79,37.99,4.47
7,Sioux Lookout,75,CA,1603581030,58,50.1,-91.92,26.6,6.93
8,Capâo Bonito,69,BR,1603581127,98,-24.01,-48.35,65.1,5.46
9,Cabañas,75,CU,1603581128,94,22.98,-82.92,80.6,3.36
10,Kapaa,40,US,1603580935,74,22.08,-159.32,84.0,14.99
11,Beringovskiy,100,RU,1603581130,96,63.05,179.32,31.08,14.97
12,Carnarvon,75,AU,1603581066,100,-24.87,113.63,69.8,17.22
13,Ushuaia,75,AR,1603580874,65,-54.8,-68.3,46.4,9.17
14,Isangel,75,VU,1603581134,74,-19.55,169.27,82.4,5.82
15,Saint-Augustin,100,CA,1603581135,90,51.23,-58.65,46.69,24.0
16,Avarua,60,CK,1603581136,69,-21.21,-159.78,77.0,13.87
17,Kaoma,88,ZM,1603581137,28,-14.78,24.8,67.69,5.17
18,Willmar,40,US,1603581063,63,45.12,-95.04,30.2,6.93
19,Hobart,40,AU,1603580888,66,-42.88,147.33,51.01,8.05
20,Mayumba,97,GA,1603581140,88,-3.43,10.66,77.02,7.9
21,Chui,17,UY,1603581141,97,-33.7,-53.46,62.67,5.64
22,Khatanga,100,RU,1603581143,95,71.97,102.5,6.62,14.52
23,Jamestown,90,US,1603581144,80,42.1,-79.24,42.01,5.82
24,Port Elizabeth,0,ZA,1603581145,93,-33.92,25.57,60.8,3.36
25,Thompson,90,CA,1603581146,62,55.74,-97.86,24.8,6.93
26,Sfântu Gheorghe,100,RO,1603581147,89,45.87,25.78,46.99,2.62
27,Naze,75,JP,1603581148,60,28.37,129.48,69.8,8.05
28,Bath,95,GB,1603581149,90,51.38,-2.36,50.0,4.0
29,Yellowknife,75,CA,1603581150,63,62.46,-114.35,26.6,5.82
30,Albany,34,US,1603581029,72,42.6,-73.97,48.0,8.99
31,Port Keats,18,AU,1603581153,71,-14.25,129.55,85.44,12.3
32,Berlevåg,100,NO,1603581154,75,70.86,29.09,38.89,18.45
33,La Rioja,75,ES,1603581155,81,42.25,-2.5,53.01,8.5
34,Vaini,75,TO,1603581156,88,-21.2,-175.2,75.2,10.29
35,Iqaluit,90,CA,1603581157,86,63.75,-68.51,26.6,4.7
36,Barrow,90,US,1603581156,86,71.29,-156.79,33.8,10.29
37,Havelock,40,US,1603581159,64,34.88,-76.9,73.99,5.82
38,Yulara,0,AU,1603581160,39,-25.24,130.99,62.6,14.99
39,Victoria Point,13,AU,1603581161,76,-27.58,153.3,80.01,3.0
40,Lagoa,78,PT,1603581163,76,39.05,-27.98,65.57,17.67
41,Pāvilosta,60,LV,1603581164,93,56.89,21.19,51.8,3.36
42,Riyadh,0,SA,1603581002,36,24.69,46.72,62.6,2.8
43,Atuona,1,PF,1603580893,76,-9.8,-139.03,78.44,21.9
44,Grindavik,75,IS,1603581167,80,63.84,-22.43,41.0,25.28
45,Hermanus,43,ZA,1603581155,91,-34.42,19.23,62.01,3.0
46,Cape Town,40,ZA,1603580962,93,-33.93,18.42,60.01,3.36
47,Buenos Aires,75,AR,1603581003,100,-34.61,-58.38,68.0,16.11
48,Korla,13,CN,1603581171,68,41.76,86.15,42.01,9.31
49,Sibiti,96,CG,1603581172,93,-3.68,13.35,69.94,1.19
50,Petropavl,100,KZ,1603581174,99,54.88,69.16,32.05,17.76
51,Cidreira,62,BR,1603581175,90,-30.18,-50.21,68.43,15.21
52,Lompoc,90,US,1603580958,63,34.64,-120.46,66.2,10.29
53,Puerto Ayora,87,EC,1603581177,93,-0.74,-90.35,69.01,8.01
54,Khuzhir,100,RU,1603581178,77,53.19,107.34,40.46,9.57
55,Leer,36,SS,1603581179,76,8.3,30.14,76.59,2.3
56,Santiago,0,CL,1603581180,37,-33.46,-70.65,68.0,11.41
57,Port Augusta,75,AU,1603581181,71,-32.5,137.77,55.4,10.29
58,Vargem Grande,19,BR,1603581182,81,-3.54,-43.92,78.49,4.74
59,Vestmanna,18,FO,1603581184,81,62.16,-7.17,46.4,19.46
60,Tuktoyaktuk,75,CA,1603581137,92,69.45,-133.04,15.8,8.05
61,Gilbués,99,BR,1603581186,65,-9.83,-45.34,77.95,2.1
62,Ribeira Grande,62,PT,1603581187,83,38.52,-28.7,66.61,12.15
63,Porvoo,100,FI,1603581188,96,60.39,25.67,37.0,1.01
64,Shubarkuduk,92,KZ,1603581189,74,49.14,56.49,48.22,12.1
65,Oodweyne,30,SO,1603581190,21,9.41,45.06,72.43,6.64
66,Arraial do Cabo,100,BR,1603581191,92,-22.97,-42.03,70.56,25.59
67,Musāfir-Khāna,0,IN,1603581192,34,26.37,81.8,71.02,2.19
68,Longyearbyen,75,SJ,1603581194,79,78.22,15.64,21.2,5.82
69,New Norfolk,20,AU,1603581195,62,-42.78,147.06,51.01,1.99
70,Rikitea,90,PF,1603581196,81,-23.12,-134.97,74.79,23.2
71,Bluff,91,NZ,1603581197,44,-46.6,168.33,75.99,13.0
72,Bridlington,100,GB,1603581198,93,54.08,-0.19,48.2,2.24
73,Mahébourg,75,MU,1603581199,88,-20.41,57.7,71.6,9.17
74,Hong Kong,98,HK,1603581139,63,22.29,114.16,75.0,3.0
75,Honiara,20,SB,1603581201,62,-9.43,159.95,86.0,2.73
76,Upernavik,100,GL,1603581173,94,72.79,-56.15,22.35,10.27
77,Westport,68,US,1603581177,85,41.14,-73.36,59.0,11.39
78,Busselton,44,AU,1603581028,67,-33.65,115.33,60.01,7.0
79,Bathsheba,20,BB,1603581206,74,13.22,-59.52,82.4,21.92
80,Mount Isa,0,AU,1603581207,43,-20.73,139.5,73.4,17.22
81,Hay River,75,CA,1603581208,68,60.82,-115.8,30.2,8.05
82,Hambantota,91,LK,1603581209,82,6.12,81.12,78.35,11.01
83,Bredasdorp,9,ZA,1603581159,77,-34.53,20.04,64.4,9.17
84,Tasiilaq,95,GL,1603581149,93,65.61,-37.64,32.0,3.36
85,Celestún,45,MX,1603581212,78,20.87,-90.4,81.88,14.14
86,Lavrentiya,45,RU,1603581213,86,65.58,-171.0,34.09,7.47
87,Saint-Philippe,0,RE,1603581215,59,-21.36,55.77,66.2,8.05
88,Pisco,0,PE,1603581216,72,-13.7,-76.22,66.2,19.46
89,Manado,20,ID,1603581217,94,1.49,124.85,77.0,2.24
90,Khammam,59,IN,1603581127,82,17.25,80.15,73.92,2.46
91,Lubango,23,AO,1603581219,61,-14.92,13.49,65.37,3.13
92,Aleksandrov Gay,100,RU,1603581220,83,50.15,48.57,53.31,2.26
93,Aykhal,40,RU,1603581221,92,66.0,111.5,10.4,6.71
94,Adrar,100,MR,1603581222,12,20.5,-10.07,89.35,7.23
95,Troitskoye,47,RU,1603581223,85,52.98,84.68,27.16,8.19
96,Ţahţā,0,EG,1603581225,35,26.77,31.5,78.8,8.05
97,Yumen,98,CN,1603581226,75,40.28,97.2,36.41,6.82
98,Ibirapitanga,31,BR,1603581227,95,-14.16,-39.37,71.22,2.48
99,Nanortalik,31,GL,1603581190,90,60.14,-45.24,32.5,7.76
100,São Filipe,97,CV,1603581229,71,14.9,-24.5,81.77,12.5
101,La Santisima Trinidad,57,BO,1603581230,47,-14.83,-64.9,95.0,9.17
102,Butaritari,12,KI,1603581167,67,3.07,172.79,81.75,7.76
103,Krasnosel'kup,85,RU,1603581233,95,65.7,82.47,7.21,9.08
104,Singaraja,57,ID,1603581234,73,-8.11,115.09,81.03,2.93
105,Watsa,99,CD,1603581235,99,3.04,29.54,64.4,2.24
106,Mossamedes,69,AO,1603581168,80,-15.2,12.15,68.13,7.2
107,Marsá Maţrūḩ,40,EG,1603581237,64,31.35,27.25,71.6,9.17
108,Paso de los Toros,95,UY,1603581238,84,-32.82,-56.52,71.53,4.76
109,Aklavik,75,CA,1603581239,79,68.22,-135.01,21.2,1.97
110,Pitimbu,40,BR,1603581240,88,-7.47,-34.81,77.0,5.82
111,Srednekolymsk,1,RU,1603581241,95,67.45,153.68,14.43,4.23
112,Hithadhoo,53,MV,1603581243,74,-0.6,73.08,83.34,10.85
113,Chapais,90,CA,1603581244,79,49.78,-74.85,26.6,11.41
114,Meulaboh,100,ID,1603581245,94,4.14,96.13,73.31,7.36
115,Atambua,27,ID,1603581242,72,-9.11,124.89,81.03,1.48
116,Gazalkent,11,UZ,1603581247,60,41.56,69.77,42.8,4.7
117,Ponta do Sol,20,PT,1603581248,68,32.67,-17.1,66.2,8.05
118,Port Hardy,5,CA,1603581242,49,50.7,-127.42,46.4,13.87
119,Katsuura,75,JP,1603581250,51,35.13,140.3,59.0,17.22
120,Shelburne,90,CA,1603581251,80,44.08,-80.2,39.2,3.36
121,Emba,55,KZ,1603581253,63,48.83,58.14,46.58,13.31
122,Sisimiut,7,GL,1603581110,89,66.94,-53.67,23.07,13.67
123,Pevek,0,RU,1603581255,91,69.7,170.31,27.32,13.42
124,Vikhorevka,90,RU,1603581256,92,56.12,101.16,30.2,13.42
125,Dinguiraye,21,GN,1603581257,57,11.3,-10.72,73.58,0.89
126,Santa Cruz de la Sierra,75,BO,1603581150,52,-17.8,-63.17,91.4,14.99
127,Talnakh,75,RU,1603581259,92,69.49,88.4,14.0,11.18
128,Los Llanos de Aridane,90,ES,1603581260,60,28.66,-17.92,71.6,11.41
129,Tinaquillo,100,VE,1603581262,93,9.92,-68.3,72.82,1.05
130,Semnan,0,IR,1603581263,49,35.57,53.4,51.57,0.36
131,Qaanaaq,100,GL,1603581264,91,77.48,-69.36,17.24,12.82
132,Marquette,100,US,1603581265,81,46.53,-87.63,32.0,6.38
133,Novo Aripuanã,100,BR,1603581266,97,-5.12,-60.38,74.28,4.21
134,Virtsu,13,EE,1603581267,85,58.57,23.51,48.0,10.0
135,San Patricio,75,US,1603581185,49,28.02,-97.52,73.4,6.93
136,Bagotville,2,AU,1603581270,78,-28.98,153.42,80.01,6.93
137,Southbridge,95,US,1603581271,70,42.08,-72.03,60.01,8.79
138,East London,3,ZA,1603581272,83,-33.02,27.91,69.1,0.63
139,Hasaki,75,JP,1603581273,87,35.73,140.83,50.0,2.24
140,Bose,14,IT,1603581274,96,45.46,8.01,52.0,3.42
141,Eureka,75,US,1603581219,67,40.8,-124.16,60.01,11.41
142,Carutapera,9,BR,1603581276,84,-1.2,-46.02,77.54,6.2
143,Cabo San Lucas,20,MX,1603580994,58,22.89,-109.91,89.01,5.82
144,Gokak,17,IN,1603581252,87,16.17,74.83,71.96,3.2
145,Laredo,1,US,1603581280,50,27.51,-99.51,77.0,4.7
146,Port Alfred,7,ZA,1603581281,89,-33.59,26.89,65.39,5.61
147,Ilebo,64,CD,1603581282,92,-4.32,20.58,72.09,2.15
148,Saint Paul Harbor,90,US,1603581283,87,57.79,-152.41,46.4,5.82
149,Mogadishu,100,SO,1603581284,84,2.04,45.34,79.47,6.06
150,Leningradskiy,24,RU,1603581285,93,69.38,178.42,23.52,8.01
151,Hongjiang,24,CN,1603581286,79,27.11,110.0,54.61,1.77
152,Chokurdakh,97,RU,1603581287,97,70.63,147.92,14.72,7.25
153,Ambilobe,4,MG,1603581289,77,-13.2,49.05,71.24,4.34
154,Marrakesh,0,MA,1603581171,59,31.63,-8.01,64.4,6.93
155,Steamboat Springs,90,US,1603581125,27,40.48,-106.83,54.0,3.36
156,Dikson,18,RU,1603581292,93,73.51,80.55,22.03,4.92
157,São João da Barra,100,BR,1603581293,94,-21.64,-41.05,72.03,15.9
158,Karaton,20,ID,1603581294,88,-6.34,106.1,79.0,4.7
159,Rocha,21,UY,1603580999,97,-34.48,-54.33,60.64,5.66
160,Carauari,96,BR,1603581296,91,-4.88,-66.9,75.72,1.52
161,Bambous Virieux,75,MU,1603581297,88,-20.34,57.76,71.6,9.17
162,Taos,1,US,1603581299,12,36.41,-105.57,66.2,20.8
163,Petropavlovsk-Kamchatskiy,90,RU,1603581300,81,53.05,158.65,42.8,8.95
164,Luwuk,100,ID,1603581301,70,-0.95,122.79,81.39,1.32
165,Skibbereen,40,IE,1603581302,81,51.55,-9.27,48.2,16.11
166,Parakou,94,BJ,1603581303,57,9.34,2.63,74.53,2.98
167,Bethel,81,US,1603581305,78,41.37,-73.41,55.0,10.49
168,Cherskiy,4,RU,1603581306,93,68.75,161.3,17.71,4.65
169,Flin Flon,90,CA,1603581303,57,54.77,-101.86,23.0,9.17
170,Kutum,5,SD,1603581308,24,14.2,24.67,72.36,12.68
171,Constantine,20,DZ,1603581309,87,36.37,6.61,51.8,0.2
172,Mackenzie,1,CA,1603581310,53,55.3,-123.17,26.6,6.93
173,Faanui,42,PF,1603581137,74,-16.48,-151.75,79.52,8.55
174,Westerland,100,DE,1603581313,87,54.91,8.3,55.4,20.8
175,Broome,90,US,1603581314,75,42.25,-75.83,45.0,12.75
176,Fort Nelson,5,CA,1603581303,39,58.81,-122.7,30.2,4.7
177,Kulhudhuffushi,97,MV,1603581316,73,6.62,73.07,82.2,7.9
178,Faya,0,SA,1603581317,19,18.39,42.45,60.8,2.75
179,Solnechnyy,100,RU,1603581156,91,50.72,136.63,37.29,17.49
180,Besançon,80,FR,1603581319,90,47.25,6.02,48.0,1.99
181,West Plains,90,US,1603581321,70,36.73,-91.85,46.99,5.82
182,Port Blair,68,IN,1603581322,80,11.67,92.75,80.28,5.37
183,Darhan,37,MN,1603581323,90,49.49,105.92,33.15,4.52
184,Mae Sai,0,TH,1603581324,100,20.43,99.88,64.0,2.24
185,Barabai,100,ID,1603581325,82,-2.58,115.38,78.21,0.94
186,Šakiai,87,LT,1603581326,87,54.95,23.04,50.0,10.29
187,Ilulissat,51,GL,1603581327,57,69.22,-51.1,21.2,13.87
188,Road Town,40,VG,1603581329,74,18.42,-64.62,84.2,10.29
189,Ostrovnoy,100,RU,1603581330,98,68.05,39.51,32.07,11.68
190,Port Hedland,1,AU,1603581331,78,-20.32,118.57,73.4,5.82
191,Svobodnyy,0,RU,1603581332,89,51.4,128.13,32.5,11.88
192,Kambove,62,CD,1603581333,41,-10.88,26.6,68.63,3.49
193,Ulladulla,90,AU,1603581334,76,-35.35,150.47,55.0,11.41
194,Vestmannaeyjar,78,IS,1603581335,63,63.44,-20.27,46.13,27.47
195,Maniitsoq,0,GL,1603581337,87,65.42,-52.9,23.88,10.65
196,Hofn,100,IS,1603581338,82,64.25,-15.21,43.81,20.87
197,Salalah,0,OM,1603581178,46,17.02,54.09,73.4,1.12
198,Dingle,96,PH,1603581340,87,11.0,122.67,76.6,1.5
199,Tateyama,23,JP,1603581341,38,34.98,139.87,59.0,4.0
200,Geraldton,0,AU,1603581342,77,-28.77,114.6,59.0,4.7
201,Tangier,0,MA,1603581214,82,35.78,-5.81,59.0,1.12
202,Kautokeino,99,NO,1603581345,98,69.01,23.04,29.71,9.91
203,Bubaque,19,GW,1603581346,80,11.28,-15.83,82.96,11.52
204,Grand Gaube,34,MU,1603581187,89,-20.01,57.66,69.01,7.0
205,Acapulco de Juárez,75,MX,1603581348,74,16.86,-99.89,87.8,9.17
206,Libertador General San Martín,29,AR,1603581349,45,-23.81,-64.79,91.0,1.99
207,Minsk,40,BY,1603581343,93,53.9,27.57,46.4,6.71
208,George Town,40,MY,1603581239,83,5.41,100.34,78.8,5.82
209,Bagdarin,93,RU,1603581352,93,54.43,113.6,25.81,1.7
210,Fortuna,75,US,1603581354,67,40.6,-124.16,60.01,14.99
211,Pangkalanbuun,92,ID,1603581355,93,-2.68,111.62,75.96,1.86
212,Sorong,100,ID,1603581356,85,-0.88,131.25,79.65,7.76
213,Fairbanks,90,US,1603581316,73,64.84,-147.72,30.99,1.81
214,Airai,13,TL,1603581358,80,-8.93,125.41,68.79,0.43
215,Novocheremshansk,76,RU,1603581359,88,54.36,50.17,45.64,4.65
216,Almaznyy,75,RU,1603581360,93,48.04,40.05,60.8,6.71
217,Nemuro,56,JP,1603581362,64,43.32,145.57,51.57,25.34
218,Biritiba-Mirim,75,BR,1603581363,78,-23.57,-46.04,71.6,3.36
219,Anadyr,75,RU,1603581364,100,64.75,177.48,21.2,4.47
220,Ballina,3,AU,1603581242,78,-28.87,153.57,80.01,6.93
221,Shache,100,CN,1603581366,45,38.42,77.24,46.45,7.14
222,Paamiut,27,GL,1603581367,85,61.99,-49.67,29.43,5.46
223,Avera,1,US,1603581368,83,33.19,-82.53,75.2,5.17
224,Anderson,75,US,1603581305,73,34.53,-82.65,75.2,4.7
225,Sande,100,DE,1603581294,76,53.5,8.01,57.99,14.99
226,Scarborough,100,GB,1603581303,93,54.28,-0.4,46.99,4.0
227,Zanjān,0,IR,1603581373,40,36.67,48.48,54.41,4.72
228,Perth,0,AU,1603581374,45,-31.93,115.83,70.0,18.34
229,Ketchikan,1,US,1603581339,24,55.34,-131.65,44.6,5.82
230,Tocopilla,35,CL,1603581376,65,-22.09,-70.2,63.5,7.67
231,Torbay,90,CA,1603581377,87,47.67,-52.73,50.0,14.99
232,Rāisinghnagar,0,IN,1603581379,20,29.54,73.45,72.03,6.91
233,Ballarpur,57,IN,1603581380,77,19.83,79.35,73.76,3.49
234,Okhotsk,100,RU,1603581381,81,59.38,143.3,38.39,16.55
235,Padmanābhapuram,20,IN,1603581382,83,8.23,77.33,78.8,1.12
236,Comodoro Rivadavia,75,AR,1603581383,67,-45.87,-67.5,60.8,9.17
237,Nioro,18,GM,1603581384,68,13.35,-15.75,80.55,5.39
238,Yinchuan,81,CN,1603581385,46,38.47,106.27,51.3,3.49
239,Knyaze-Volkonskoye,0,RU,1603581386,84,48.46,135.46,39.2,6.71
240,Gaogou,95,CN,1603581388,67,34.02,119.19,52.48,6.26
241,Āsasa,5,ET,1603581389,72,7.1,39.2,51.12,2.64
242,Sungai Raya,100,ID,1603581390,83,0.7,108.9,78.89,4.03
243,Mporokoso,23,ZM,1603581391,48,-9.37,30.12,68.68,3.15
244,Caucayá,81,CO,1603581392,69,-0.19,-74.78,82.22,1.25
245,Richards Bay,0,ZA,1603581393,80,-28.78,32.04,70.38,14.27
246,Arroio Grande,62,BR,1603581394,95,-32.24,-53.09,65.73,6.29
247,Miandrivazo,99,MG,1603581395,72,-19.52,45.47,73.63,5.55
248,Béboto,76,TD,1603581397,74,8.27,16.94,76.68,3.44
249,Tiksi,100,RU,1603581398,92,71.69,128.87,10.89,24.38
250,Sítio Novo do Tocantins,83,BR,1603581399,68,-5.52,-47.46,81.45,2.95
251,Nuuk,0,GL,1603581400,79,64.18,-51.72,26.6,9.17
252,Kerrville,1,US,1603581131,53,30.05,-99.14,73.4,9.17
253,Lüderitz,33,NA,1603581402,71,-26.65,15.16,61.63,15.01
254,Inírida,88,CO,1603581403,90,3.87,-67.92,77.43,1.59
255,Tilichiki,34,RU,1603581404,94,60.47,166.1,31.77,3.89
256,Saldanha,6,ZA,1603581406,77,-33.01,17.94,62.6,3.36
257,Manyana,58,BW,1603581407,23,-23.4,21.72,76.39,3.94
258,Vanavara,81,RU,1603581408,98,60.34,102.28,23.43,3.27
259,Coahuayana Viejo,40,MX,1603581409,78,18.73,-103.68,82.4,11.41
260,Mar del Plata,90,AR,1603581242,100,-38.0,-57.56,61.0,6.93
261,Savonlinna,0,FI,1603581411,89,61.87,28.88,32.0,2.24
262,Coquimbo,90,CL,1603581196,71,-29.95,-71.34,57.2,8.05
263,Plettenberg Bay,1,ZA,1603581413,89,-34.05,23.37,62.38,4.5
264,Nara,20,JP,1603581414,81,34.69,135.8,57.99,8.05
265,Nome,90,US,1603581203,96,64.5,-165.41,37.4,13.87
266,Esperance,7,AU,1603581154,93,-33.87,121.9,51.8,11.41
267,Sibolga,100,ID,1603581418,79,1.74,98.78,76.71,2.06
268,Castro,78,BR,1603581419,91,-24.79,-50.01,63.0,4.27
269,Bonfim,86,BR,1603581420,55,3.08,-59.95,86.05,8.41
270,Laas,5,IT,1603581421,86,46.62,10.7,48.99,3.36
271,Kastamonu Province,0,TR,1603581422,44,41.5,33.67,55.76,0.78
272,Gundlupēt,67,IN,1603581423,89,11.8,76.68,65.79,0.89
273,Novy Urengoy,75,RU,1603581425,95,66.08,76.63,12.22,7.05
274,Dali,99,CN,1603581426,88,25.7,100.18,56.41,1.25
275,Salina,90,US,1603581204,64,38.84,-97.61,39.2,9.17
276,Luanda,75,AO,1603581428,78,-8.84,13.23,77.0,6.93
277,Port Lincoln,88,AU,1603581167,61,-34.73,135.87,53.96,17.69
278,Noumea,75,NC,1603581430,54,-22.28,166.46,84.99,4.7
279,Iquitos,20,PE,1603581260,62,-3.75,-73.25,89.6,4.7
280,Lufilufi,75,WS,1603581432,79,-13.87,-171.6,87.8,8.05
281,Pangnirtung,90,CA,1603581434,88,66.15,-65.71,17.47,5.7
282,Le Portel,75,FR,1603581435,72,50.71,1.58,60.8,18.34
283,Camargo,44,MX,1603581436,16,27.67,-105.17,88.32,2.35
284,Arlit,0,NE,1603581437,16,18.74,7.39,78.94,10.11
285,Puerto Asís,20,CO,1603581438,55,0.51,-76.5,89.6,5.82
286,Kavaratti,37,IN,1603581439,73,10.57,72.64,81.5,8.39
287,Rawson,58,AR,1603581440,62,-43.3,-65.1,60.26,13.11
288,Sechura,29,PE,1603581442,67,-5.56,-80.82,68.27,17.36
289,Barentu,82,ER,1603581443,34,15.11,37.59,79.95,3.98
290,Yefremov,100,RU,1603581444,96,53.15,38.1,49.53,11.81
291,Winslow,1,US,1603581218,20,35.02,-110.7,77.0,18.34
292,Sola,59,VU,1603581446,81,-13.88,167.55,80.28,16.46
293,Swan River,100,CA,1603581447,90,52.11,-101.27,23.07,5.82
294,Oistins,20,BB,1603581448,74,13.07,-59.53,82.4,21.92
295,Pemangkat,100,ID,1603581449,86,1.17,108.97,77.76,4.25
296,Zeya,0,RU,1603581450,87,53.75,127.27,28.42,5.48
297,Nikolayevsk-on-Amur,80,RU,1603581452,90,53.14,140.73,43.05,6.06
298,Yar-Sale,49,RU,1603581453,96,66.83,70.83,15.96,5.88
299,Dalby,0,AU,1603581454,73,-27.18,151.27,72.0,3.0
300,Phalodi,0,IN,1603581455,25,27.13,72.37,76.46,8.72
301,Oroville,1,US,1603581367,33,39.51,-121.56,77.0,8.05
302,Broken Hill,0,AU,1603581457,66,-31.95,141.43,50.0,18.34
303,Vardø,100,NO,1603581458,74,70.37,31.11,39.56,21.12
304,Buraidah,0,SA,1603581194,33,26.33,43.98,62.6,6.08
305,Krasnyy Chikoy,95,RU,1603581460,94,50.36,108.75,30.72,2.51
306,Caconda,90,AO,1603581462,74,-13.73,15.07,64.02,5.39
307,Kadhan,0,PK,1603581463,65,24.48,68.99,75.54,6.22
308,Kumul,54,CN,1603581464,59,42.8,93.45,43.27,6.02
309,Ituiutaba,60,BR,1603581465,86,-18.97,-49.47,73.78,8.72
310,Harper,79,LR,1603581466,87,4.38,-7.72,77.83,5.86
311,Lorengau,19,PG,1603581176,59,-2.02,147.27,85.28,6.51
312,Rio Verde de Mato Grosso,43,BR,1603581468,59,-18.92,-54.84,82.29,2.19
313,Bengbu,94,CN,1603581469,61,32.94,117.36,52.9,6.08
314,Walvis Bay,0,NA,1603581470,93,-22.96,14.51,57.99,10.29
315,Souillac,75,MU,1603581472,88,-20.52,57.52,71.6,9.17
316,Storslett,100,NO,1603581473,87,69.77,21.02,34.72,1.5
317,Umm Bāb,1,QA,1603581474,73,25.21,50.81,75.99,3.36
318,Tura,77,IN,1603581475,99,25.52,90.22,71.06,3.49
319,Kendari,86,ID,1603581476,86,-3.94,122.5,79.14,1.95
320,Norman Wells,75,CA,1603581477,85,65.28,-126.83,23.0,3.36
321,Taksimo,91,RU,1603581478,93,56.34,114.88,21.15,0.83
322,Wewak,46,PG,1603581479,72,-3.55,143.63,83.01,4.05
323,‘Ewa Beach,20,US,1603581481,70,21.32,-158.01,84.2,8.05
324,Saint-Paul,0,RE,1603581482,55,-21.01,55.27,66.2,5.82
325,Clyde River,90,CA,1603581230,85,70.47,-68.59,17.6,9.17
326,Hamilton,28,US,1603581214,69,39.18,-84.53,50.0,1.99
327,San José de Ocoa,98,DO,1603581485,1,18.55,-70.5,84.0,3.22
328,Giohar,100,SO,1603581486,82,2.78,45.5,78.22,1.77
329,Prince Rupert,1,CA,1603581196,33,54.32,-130.32,42.8,6.93
330,Darnah,0,LY,1603581477,73,32.77,22.64,70.11,15.88
331,Huarmey,80,PE,1603581490,81,-10.07,-78.15,64.89,7.87
332,Tuatapere,98,NZ,1603581491,44,-46.13,167.68,75.99,13.0
333,Porto-Novo,20,BJ,1603581492,88,6.5,2.6,80.6,8.05
334,Vila Franca do Campo,75,PT,1603581214,88,37.72,-25.43,68.0,17.22
335,Laguna,1,US,1603581494,49,38.42,-121.42,73.0,10.29
336,Aswān,0,EG,1603581495,33,24.09,32.91,73.54,11.92
337,Hīt,0,IQ,1603581230,25,33.64,42.83,66.99,4.68
338,Māndal,2,IN,1603581497,35,25.45,74.57,71.26,6.15
339,Alofi,97,NU,1603581498,74,-19.06,-169.92,80.6,17.22
340,Homestead,90,US,1603581500,94,25.47,-80.48,79.0,4.7
341,Tshikapa,80,CD,1603581501,91,-6.42,20.8,71.62,1.83
342,Vila Velha,40,BR,1603581502,94,-20.33,-40.29,75.0,5.82
343,Cervo,82,ES,1603581503,88,43.67,-7.41,62.01,5.01
344,Zaysan,43,KZ,1603581504,91,47.47,84.87,27.52,3.58
345,Ocós,75,GT,1603581505,79,14.51,-92.19,86.0,2.24
346,Soeng Sang,100,TH,1603581506,82,14.43,102.46,64.31,1.66
347,Aquiraz,0,BR,1603581507,78,-3.9,-38.39,80.6,12.75
348,Mahajanga,40,MG,1603581508,88,-15.72,46.32,71.6,6.93
349,Neryungri,80,RU,1603581510,97,56.67,124.65,24.37,2.51
350,Rio Grande,42,BR,1603581348,88,-32.03,-52.1,69.01,1.99
351,Palmer,20,US,1603581512,62,42.16,-72.33,55.99,12.75
352,Gigmoto,100,PH,1603581513,83,13.78,124.39,82.38,12.19
353,Touros,40,BR,1603581514,83,-5.2,-35.46,78.8,4.7
354,Keelung,75,TW,1603581304,69,25.13,121.74,73.4,13.87
355,Cullera,0,ES,1603581516,51,39.17,-0.25,66.0,4.0
356,Praia,100,CV,1603581517,83,14.92,-23.51,78.8,21.92
357,Kruisfontein,0,ZA,1603581518,84,-34.0,24.73,62.01,3.06
358,Lethem,77,GY,1603581519,53,3.38,-59.8,86.04,8.1
359,Witu,20,KE,1603581521,83,-2.39,40.44,78.8,4.7
360,Padang,100,ID,1603581522,77,-0.95,100.35,77.99,3.78
361,Egvekinot,14,RU,1603581523,96,66.32,-179.17,23.59,7.4
362,Alamogordo,1,US,1603581335,25,32.9,-105.96,77.0,5.82
363,Piripiri,79,BR,1603581525,63,-4.27,-41.78,82.6,6.04
364,Luba,84,GQ,1603581526,80,3.46,8.55,78.66,3.58
365,Ayan,100,RU,1603581527,78,56.45,138.17,37.89,14.76
366,Zhangye,90,CN,1603581528,46,38.93,100.45,45.88,14.7
367,Constitución,100,CL,1603581529,86,-35.33,-72.42,52.77,12.73
368,Alta Floresta,97,BR,1603581531,96,-9.88,-56.09,72.3,3.56
369,Port Macquarie,90,AU,1603581532,82,-31.43,152.92,71.01,8.05
370,Huilong,3,CN,1603581533,62,31.81,121.66,60.01,1.01
371,Lebu,26,CL,1603581534,78,-37.62,-73.65,52.07,6.08
372,Kuybysheve,99,UA,1603581535,87,47.36,36.65,57.34,8.21
373,Raudeberg,100,NO,1603581536,77,61.99,5.14,50.0,13.11
374,Pacific Grove,40,US,1603581370,60,36.62,-121.92,68.0,8.05
375,Ancud,20,CL,1603581538,76,-41.87,-73.82,50.0,12.75
376,Launceston,1,AU,1603581539,48,-41.45,147.17,52.0,21.92
377,Lieksa,93,FI,1603581541,84,63.32,30.02,35.91,11.65
378,Ust'-Ishim,100,RU,1603581542,97,57.69,71.17,28.0,12.8
379,Zhezkazgan,91,KZ,1603581543,64,47.8,67.71,35.19,14.85
380,Karabudakhkent,12,RU,1603581544,50,42.71,47.57,51.8,4.47
381,Margate,94,GB,1603581545,92,51.38,1.39,55.0,3.0
382,Half Moon Bay,1,US,1603581546,77,37.46,-122.43,69.01,5.82
383,La Asuncion,100,VE,1603581547,70,11.03,-63.86,86.0,18.34
384,Chara,23,RU,1603581548,90,56.91,118.26,20.32,1.19
385,Narsaq,44,GL,1603581549,73,60.92,-46.05,26.6,5.82
386,Pasni,0,PK,1603581551,33,25.26,63.47,75.34,29.77
387,Hyères,0,FR,1603581317,77,43.12,6.12,60.8,8.05
388,Saskylakh,100,RU,1603581553,95,71.92,114.08,14.25,20.56
389,Mednogorsk,91,RU,1603581554,96,51.41,57.59,46.53,6.93
390,Bobcaygeon,90,CA,1603581555,79,44.55,-78.54,41.0,9.17
391,Bayshore Gardens,20,US,1603581556,65,27.43,-82.59,82.99,5.82
392,Lata,99,PT,1603581557,80,40.16,-8.33,62.01,8.01
393,Moussoro,3,TD,1603581558,16,13.64,16.49,84.97,13.87
394,Lircay,76,PE,1603581559,50,-12.99,-74.72,57.85,1.5
395,Maturin,55,VE,1603581561,88,9.75,-63.18,76.3,5.57
396,Evensk,76,RU,1603581562,88,61.95,159.23,32.77,9.37
397,Vung Tau,69,VN,1603581480,85,10.35,107.08,78.08,7.29
398,Codrington,70,AU,1603581564,68,-38.27,141.97,49.12,19.1
399,Serrinha,69,BR,1603581565,76,-11.66,-39.01,72.95,13.53
400,Dondo,20,MZ,1603581566,88,-19.61,34.74,73.4,4.7
401,Kachug,100,RU,1603581567,93,53.96,105.88,33.04,0.92
402,Hammerfest,100,NO,1603581568,93,70.66,23.68,37.4,17.22
403,Taywarah,0,AF,1603581569,83,33.35,64.42,22.39,4.25
404,Pākāla,98,IN,1603581571,85,13.47,79.12,72.7,1.48
405,Bull Savanna,100,JM,1603581572,86,17.89,-77.59,77.36,10.33
406,Ninotsminda,55,GE,1603581573,74,41.26,43.59,37.4,4.88
407,Yining,100,CN,1603581510,65,29.04,114.56,56.61,0.69
408,Petrolina de Goiás,75,BR,1603581575,83,-16.09,-49.34,77.0,3.36
409,Huaidian,96,CN,1603581576,60,33.43,115.03,54.03,4.16
410,Develi,0,TR,1603581577,42,38.39,35.49,48.2,4.7
411,Susanville,1,US,1603581578,19,40.42,-120.65,71.6,13.87
412,Del Rio,1,US,1603581579,41,29.36,-100.9,77.0,5.82
413,Yangi Marg`ilon,100,UZ,1603581581,56,40.43,71.72,44.6,6.93
414,Champerico,40,GT,1603581582,88,14.3,-91.92,78.8,6.13
415,Am Timan,81,TD,1603581583,25,11.03,20.28,78.94,0.89
416,Hualmay,41,PE,1603581584,80,-11.1,-77.61,64.6,8.57
417,Winnemucca,20,US,1603581585,25,40.97,-117.74,66.2,16.11
418,Micheweni,76,TZ,1603581586,81,-4.97,39.83,78.3,9.13
419,Deputatsky,0,RU,1603581587,90,69.3,139.9,7.43,8.52
420,Asău,100,RO,1603581588,98,46.43,26.4,53.01,3.0
421,Vinstra,100,NO,1603581589,79,61.6,9.75,38.71,7.65
422,Puerto del Rosario,75,ES,1603581442,77,28.5,-13.86,69.8,19.46
423,Kyshtovka,75,RU,1603581592,85,56.55,76.63,25.68,14.0
424,Izhma,100,RU,1603581593,97,65.01,53.91,25.65,6.11
425,Saint George,1,US,1603581594,26,37.1,-113.58,80.01,11.41
426,Kaitangata,100,NZ,1603581595,49,-46.28,169.85,69.66,11.59
427,Māngrol,29,IN,1603581596,65,21.12,70.12,80.4,6.02
428,Yei,74,SS,1603581597,93,4.09,30.68,67.44,2.24
429,Samarai,66,PG,1603581598,75,-10.62,150.67,81.72,4.29
430,Kamenka,100,RU,1603581599,91,51.32,42.77,53.01,4.0
431,Esik,20,KZ,1603581601,86,43.36,77.45,30.2,2.24
432,Auki,7,SB,1603581602,65,-8.77,160.7,86.34,2.64
433,Luohe,88,CN,1603581337,57,33.57,114.04,52.65,4.36
434,Mazyr,49,BY,1603581604,96,52.05,29.25,46.83,6.8
435,Qasigiannguit,96,GL,1603581605,57,68.82,-51.19,21.2,13.87
436,Yerbogachën,100,RU,1603581607,97,61.28,108.01,22.77,3.04
437,Nālūt,26,LY,1603581608,29,30.33,10.85,68.27,10.38
438,Talaya,100,RU,1603581609,96,61.38,152.75,31.21,1.57
439,Kalmunai,99,LK,1603581610,78,7.42,81.82,78.44,3.36
440,Mâncio Lima,90,BR,1603581611,60,-7.61,-72.9,83.41,2.64
441,Shizuishan,23,CN,1603581612,53,39.23,106.77,46.96,1.19
442,Mitú,49,CO,1603581613,70,1.2,-70.17,80.13,1.43
443,Whitehorse,75,CA,1603581524,67,60.72,-135.05,21.2,13.87
444,Zhigansk,100,RU,1603581616,96,66.77,123.37,20.93,24.11
445,Río Gallegos,75,AR,1603581617,93,-51.62,-69.22,44.6,10.29
446,Great Yarmouth,100,GB,1603581618,96,52.61,1.73,55.0,29.37
447,Pato Branco,76,BR,1603581619,85,-26.23,-52.67,63.45,2.35
448,Bam,0,IR,1603581620,34,29.11,58.36,57.18,11.18
449,Daru,98,PG,1603581621,79,-9.08,143.21,81.81,8.46
450,Karangampel,100,ID,1603581623,76,-6.46,108.45,79.65,9.24
451,Shimoda,35,JP,1603581624,64,34.67,138.95,61.0,1.01
452,Warsaw,1,PL,1603581425,100,52.23,21.01,54.0,3.36
453,Al Bardīyah,0,LY,1603581500,81,31.76,25.09,70.48,14.09
454,San Ramon,1,US,1603581411,46,37.78,-121.98,71.6,12.75
455,Angoche,1,MZ,1603581628,89,-16.23,39.91,74.61,3.91
456,Kenai,90,US,1603581629,70,60.55,-151.26,48.2,17.22
457,Otjimbingwe,98,NA,1603581631,33,-22.35,16.13,71.94,2.62
458,Sulangan,94,PH,1603581632,78,11.14,123.72,82.02,13.38
459,Neiafu,90,TO,1603581633,88,-18.65,-173.98,77.0,4.7
460,Leshukonskoye,97,RU,1603581634,98,64.9,45.76,26.96,5.44
461,Marzuq,1,YE,1603581635,28,14.4,46.47,62.62,2.3
462,Hudson Bay,100,CA,1603581636,90,52.85,-102.38,23.14,5.86
463,La Primavera,91,CO,1603581365,83,5.49,-70.41,79.02,3.76
464,Litovko,71,RU,1603581638,84,49.24,135.17,36.27,9.8
465,Saiki,20,JP,1603581639,58,32.95,131.9,55.4,4.7
466,Amur Oblast,11,RU,1603581641,91,54.0,128.0,21.76,3.62
467,Biloela,87,AU,1603581642,60,-24.42,150.5,78.73,10.04
468,Imbituba,75,BR,1603581643,78,-28.24,-48.67,75.2,8.05
469,Karatau,1,KZ,1603581644,82,43.17,70.47,35.69,3.09
470,Oranjestad,20,AW,1603581645,74,12.52,-70.03,86.0,20.8
471,Baton Rouge,90,US,1603581646,82,30.45,-91.15,66.99,6.93
472,Primorsko-Akhtarsk,82,RU,1603581647,91,46.05,38.17,62.46,13.42
473,Benguela,58,AO,1603581648,80,-12.58,13.41,75.0,5.88
474,Poum,0,NC,1603581650,77,-20.23,164.02,78.17,19.19
475,Sitka,75,US,1603581651,38,57.05,-135.33,42.8,0.29
476,Ténenkou,24,ML,1603581652,13,14.46,-4.92,84.16,10.92
477,Sinnamary,63,GF,1603581653,78,5.38,-52.95,81.63,11.12
478,Valparaíso,0,CL,1603581654,67,-33.04,-71.63,59.0,17.22
479,Melfort,90,CA,1603581655,62,52.87,-104.62,24.8,13.87
480,Jining,82,CN,1603581656,55,35.41,116.58,49.86,7.63
481,Sebezh,98,RU,1603581657,94,56.3,28.47,47.79,7.76
482,Severo-Kuril'sk,100,RU,1603581658,92,50.68,156.12,46.92,20.94
483,Agadez,0,NE,1603581660,21,19.75,10.25,70.47,10.29
484,Saint-François,88,FR,1603581661,100,46.42,3.91,46.99,1.12
485,Kamaishi,75,JP,1603581662,81,39.27,141.88,50.0,9.17
486,Sambava,32,MG,1603581663,85,-14.27,50.17,71.55,10.09
487,Atar,100,MR,1603581664,23,20.52,-13.05,88.0,7.94
488,Kitgum,65,UG,1603581665,86,3.28,32.89,68.2,2.21
489,Ahipara,21,NZ,1603581667,65,-35.17,173.17,68.27,4.88
490,Dwārka,0,IN,1603581668,58,22.24,68.97,81.63,5.46
491,Naguabo,20,PR,1603581641,78,18.21,-65.73,82.4,8.05
492,Okahandja,96,NA,1603581670,33,-21.98,16.92,77.0,4.7
493,Keuruu,20,FI,1603581671,100,62.27,24.7,30.99,2.24
494,Shubarshi,80,KZ,1603581672,57,48.59,57.19,47.7,12.57
495,Madang,2,PG,1603581673,66,-5.22,145.8,84.85,0.11
496,Bandiagara,13,ML,1603581675,14,14.35,-3.61,83.44,11.01
497,Fene,75,ES,1603581676,93,43.45,-8.15,62.01,5.82
498,Harnai,0,PK,1603581677,28,30.1,67.94,60.01,5.12
499,Dvinskoy,99,RU,1603581678,98,62.15,45.12,29.52,5.64
500,Tchibanga,100,GA,1603581679,98,-2.85,11.03,72.16,2.62
501,Goderich,54,CA,1603581680,73,43.75,-81.72,44.01,9.08
502,Bilibino,0,RU,1603581681,88,68.05,166.44,19.56,1.99
503,Hässleholm,97,SE,1603581682,100,56.16,13.77,51.8,7.31
504,Cape Canaveral,20,US,1603581683,83,28.41,-80.6,80.01,9.17
505,Caravelas,81,BR,1603581685,86,-17.71,-39.25,75.65,7.81
506,Karratha,0,AU,1603581686,76,-20.74,116.85,68.56,10.42
507,Dharmavaram,81,IN,1603581687,81,14.43,77.72,74.01,1.77
508,Methóni,0,GR,1603581688,87,36.82,21.7,63.0,10.25
509,Talcahuano,75,CL,1603581661,82,-36.72,-73.12,55.4,5.82
510,Palauig,100,PH,1603581690,77,15.44,119.9,80.47,4.81
511,Baker City,22,US,1603581691,65,44.77,-117.83,36.0,7.0
512,Vao,66,NC,1603581692,80,-22.67,167.48,73.13,13.33
513,Dvinskoy Bereznik,96,RU,1603581694,98,62.86,42.71,29.23,5.3
514,Iquique,90,CL,1603581484,72,-20.22,-70.14,64.4,14.99
515,Novikovo,100,RU,1603581696,90,51.15,37.89,53.94,7.83
516,Freeport,90,US,1603581488,72,40.66,-73.58,63.0,4.7
517,Husavik,90,IS,1603581698,75,66.04,-17.34,41.0,20.8
518,Zwedru,80,LR,1603581699,96,6.07,-8.13,71.89,1.48
519,Rapid Valley,90,US,1603581700,85,44.06,-103.15,21.99,17.22
520,Morón,21,AR,1603581681,91,-34.65,-58.62,69.01,4.0
521,Jacareacanga,98,BR,1603581703,97,-6.22,-57.75,73.33,0.87
522,San Vicente Pacaya,75,GT,1603581704,64,14.42,-90.64,73.4,11.41
523,Jiujiang,87,CN,1603581705,69,29.73,115.98,57.36,5.23
524,Terracina,6,IT,1603581706,93,41.29,13.22,57.0,1.01
525,Cadillac,90,US,1603581659,80,44.25,-85.4,35.6,3.36
526,Kindu,100,CD,1603581708,96,-2.95,25.95,71.24,1.61
527,Quatre Cocos,75,MU,1603581709,88,-20.21,57.76,71.6,9.17
528,Jaqué,99,PA,1603581710,84,7.52,-78.17,78.69,7.2
529,Algarrobo,100,CO,1603581711,85,10.19,-74.58,77.0,5.73
530,Bengkulu,100,ID,1603581511,84,-3.8,102.27,76.33,3.94
531,Mount Gambier,75,AU,1603581614,53,-37.83,140.77,51.8,17.22
532,Anūpgarh,0,IN,1603581715,19,29.19,73.21,74.35,11.99
533,Skellefteå,8,SE,1603581716,92,64.75,20.95,24.8,5.82
534,Kawalu,100,ID,1603581717,92,-7.38,108.21,71.2,2.57
535,Zhangjiakou Shi Xuanhua Qu,98,CN,1603581718,45,40.61,115.04,48.13,0.87
536,Port Hueneme,75,US,1603581708,72,34.15,-119.2,69.8,11.41
537,Mayo,90,US,1603581495,77,38.89,-76.51,68.0,10.29
538,Sistranda,40,NO,1603581722,70,63.73,8.83,42.8,19.46
539,Waddān,0,LY,1603581723,47,29.16,16.14,62.55,4.56
540,Verkhoshizhem'ye,33,RU,1603581724,97,58.01,49.1,32.58,4.34
541,Sidrolândia,40,BR,1603581725,78,-20.93,-54.96,73.4,9.17
542,San Juan,23,AR,1603581568,23,-31.54,-68.54,84.45,3.62
543,Tiarei,75,PF,1603581701,66,-17.53,-149.33,86.0,10.29
544,Mokhsogollokh,1,RU,1603581728,96,61.47,128.92,10.81,1.45
545,Yatou,79,CN,1603581729,47,37.15,122.38,49.95,3.62
546,Brae,63,GB,1603581730,81,60.4,-1.35,50.0,13.87
547,Rajshahi,71,BD,1603581732,92,24.37,88.6,72.54,7.09
548,Baiyin,0,CN,1603581733,52,36.56,104.21,51.01,2.24
549,Mae Sot,20,TH,1603581734,100,16.72,98.57,71.6,1.1
550,Ust-Kuyga,0,RU,1603581735,87,70.02,135.6,4.86,8.7
551,Tinde,42,TZ,1603581736,53,-3.88,33.2,76.78,0.49
552,Kisaran,100,ID,1603581737,96,2.98,99.62,73.96,0.51
553,Kiryat Gat,75,IL,1603581738,73,31.61,34.76,77.0,9.17
554,Abhā,0,SA,1603581590,19,18.22,42.51,60.8,3.71
555,Kisanga,11,TZ,1603581741,77,-7.44,37.7,75.54,6.82
556,Trairi,1,BR,1603581742,79,-3.28,-39.27,79.75,10.87
557,Kloulklubed,75,PW,1603581743,83,7.04,134.26,82.4,6.31
558,Cowra,100,AU,1603581744,98,-33.83,148.68,53.01,0.92
559,Erzin,100,TR,1603581745,28,36.96,36.2,75.0,11.99
560,Maraã,92,BR,1603581746,83,-1.83,-65.37,78.46,1.63
561,Muyezerskiy,68,RU,1603581747,98,63.93,31.65,30.61,7.23
562,Espumoso,37,BR,1603581453,78,-28.72,-52.85,69.85,4.79
563,Opuwo,38,NA,1603581750,52,-18.06,13.84,66.25,4.05
564,Camopi,40,GF,1603581485,67,3.17,-52.32,81.27,5.79
565,Porbandar,3,IN,1603581752,64,21.64,69.61,80.69,4.7
566,Makakilo City,1,US,1603581753,70,21.35,-158.09,84.2,9.17
567,Listvyanskiy,26,RU,1603581754,93,54.44,83.5,22.77,8.08
568,Natal,40,BR,1603581644,83,-5.79,-35.21,78.8,4.7
569,Labuan,40,MY,1603581756,88,5.28,115.24,80.6,2.24
570,Kem',50,RU,1603581757,97,64.96,34.58,26.55,8.05
571,Coyhaique,90,CL,1603581759,66,-45.58,-72.07,48.2,4.7
572,Green River,90,US,1603581760,33,41.53,-109.47,46.4,14.99
573,Arrifes,75,PT,1603581761,88,37.77,-25.7,68.0,17.22
574,Severomuysk,99,RU,1603581762,90,56.15,113.43,17.74,5.28
575,Concepción del Oro,0,MX,1603581763,24,24.63,-101.42,73.18,2.53
576,San Quintín,86,MX,1603581764,68,30.48,-115.95,69.22,12.82
577,Salta,20,AR,1603581765,48,-24.79,-65.41,82.4,11.41
578,Seoul,1,KR,1603581629,100,37.57,126.98,39.2,1.36
579,Marsh Harbour,97,BS,1603581767,79,26.54,-77.06,80.47,12.48
580,Alto Araguaia,97,BR,1603581768,88,-17.31,-53.22,72.46,10.38
581,Sur,0,OM,1603581770,50,22.57,59.53,76.73,11.25
582,Presidencia Roque Sáenz Peña,8,AR,1603581771,57,-26.79,-60.44,82.76,5.82
583,Mehamn,100,NO,1603581772,82,71.04,27.85,37.29,14.58
584,Mathbaria,99,BD,1603581773,91,22.29,89.96,72.57,4.27
